run,in_mcv,est,node
1,1,10500,BitmapHeapScan
2,1,12500,BitmapHeapScan
3,1,10000,BitmapHeapScan
4,0,60,IndexScan
5,1,11667,BitmapHeapScan
6,0,61,IndexScan
7,1,11667,BitmapHeapScan
8,0,60,IndexScan
9,1,10500,BitmapHeapScan
10,1,10667,BitmapHeapScan
11,0,60,IndexScan
12,1,9500,BitmapHeapScan
13,1,11667,BitmapHeapScan
14,1,10167,BitmapHeapScan
15,1,10333,BitmapHeapScan
16,0,59,IndexScan
17,1,9833,BitmapHeapScan
18,1,10333,BitmapHeapScan
19,0,59,IndexScan
20,1,9833,BitmapHeapScan
21,0,60,IndexScan
22,1,9833,BitmapHeapScan
23,0,60,IndexScan
24,0,60,IndexScan
25,1,10667,BitmapHeapScan
26,1,10333,BitmapHeapScan
27,0,60,IndexScan
28,0,60,IndexScan
29,1,12167,BitmapHeapScan
30,1,10667,BitmapHeapScan
31,1,10000,BitmapHeapScan
32,0,60,IndexScan
33,1,10833,BitmapHeapScan
34,0,60,IndexScan
35,0,61,IndexScan
36,0,60,IndexScan
37,0,59,IndexScan
38,0,60,IndexScan
39,0,59,IndexScan
40,0,60,IndexScan
